country,dac_category,amt
Afghanistan,Administrative Costs,4662629857.0
Afghanistan,Agriculture,5503966898.0
Afghanistan,Commodity Assistance,835770840.0
Afghanistan,Economic Growth,5994930538.0
Afghanistan,Education,4180281053.0
Afghanistan,Governance,203127681681.0
Afghanistan,Health and Population,4507811379.0
Afghanistan,Humanitarian,6715206352.0
Afghanistan,Infrastructure,14407554156.0
Afghanistan,Other,5860620879.0
Albania,Administrative Costs,98808222.0
Albania,Agriculture,23335318.0
Albania,Commodity Assistance,145254530.0
Albania,Economic Growth,261672977.0
Albania,Education,39505497.0
Albania,Governance,886919252.0
Albania,Health and Population,112195158.0
Albania,Humanitarian,50755792.0
Albania,Infrastructure,42780655.0
Albania,Other,697224075.0
Algeria,Administrative Costs,113640.0
Algeria,Agriculture,390851.0
Algeria,Commodity Assistance,10508601.0
Algeria,Economic Growth,6307087.0
Algeria,Education,107222.0
Algeria,Governance,121360359.0
Algeria,Health and Population,5244337.0
Algeria,Humanitarian,226081721.0
Algeria,Infrastructure,34829744.0
Algeria,Other,1262429037.0
Angola,Administrative Costs,192235791.0
Angola,Agriculture,22584617.0
Angola,Commodity Assistance,248236960.0
Angola,Economic Growth,21633514.0
Angola,Education,43843315.0
Angola,Governance,563724960.0
Angola,Health and Population,1420095766.0
Angola,Humanitarian,1656090486.0
Angola,Infrastructure,6235121.0
Angola,Other,386484243.0
Antigua and Barbuda,Administrative Costs,4696.0
Antigua and Barbuda,Economic Growth,15410.0
Antigua and Barbuda,Governance,66651703.0
Antigua and Barbuda,Health and Population,8028.0
Antigua and Barbuda,Humanitarian,300008.0
Antigua and Barbuda,Other,745571.0
Argentina,Administrative Costs,56139.0
Argentina,Agriculture,4284087.0
Argentina,Economic Growth,16062400.0
Argentina,Education,1477945.0
Argentina,Governance,840247759.0
Argentina,Health and Population,1613100.0
Argentina,Humanitarian,6185967.0
Argentina,Infrastructure,29281721.0
Argentina,Other,2286659456.0
Armenia,Administrative Costs,245021936.0
Armenia,Agriculture,441898638.0
Armenia,Commodity Assistance,364608656.0
Armenia,Economic Growth,186920193.0
Armenia,Education,99239841.0
Armenia,Governance,1500785633.0
Armenia,Health and Population,241374060.0
Armenia,Humanitarian,54168175.0
Armenia,Infrastructure,317757972.0
Armenia,Other,1408555028.0
Aruba,Economic Growth,56427.0
Aruba,Governance,356806.0
Aruba,Humanitarian,176940.0
Australia,Agriculture,150666.0
Australia,Governance,2119166.0
Australia,Health and Population,9830.0
Australia,Humanitarian,24294.0
Australia,Infrastructure,2514461.0
Australia,Other,809519909.0
Austria,Agriculture,160446.0
Austria,Governance,21097223.0
Austria,Humanitarian,336876.0
Austria,Infrastructure,10015414.0
Austria,Other,7637492713.0
Azerbaijan,Administrative Costs,118106900.0
Azerbaijan,Agriculture,12522179.0
Azerbaijan,Commodity Assistance,150376743.0
Azerbaijan,Economic Growth,349718331.0
Azerbaijan,Education,31811783.0
Azerbaijan,Governance,1144715334.0
Azerbaijan,Health and Population,98993429.0
Azerbaijan,Humanitarian,70648465.0
Azerbaijan,Infrastructure,78542494.0
Azerbaijan,Other,441364791.0
Bahamas,Governance,318939005.0
Bahamas,Health and Population,1230359.0
Bahamas,Humanitarian,47795848.0
Bahamas,Infrastructure,18598833.0
Bahamas,Other,4836880.0
Bahrain,Economic Growth,235868.0
Bahrain,Governance,1249259125.0
Bahrain,Humanitarian,45186.0
Bahrain,Other,13190312.0
Bangladesh,Administrative Costs,549622920.0
Bangladesh,Agriculture,949012817.0
Bangladesh,Commodity Assistance,2612740582.0
Bangladesh,Economic Growth,62362563.0
Bangladesh,Education,273713883.0
Bangladesh,Governance,1257090705.0
Bangladesh,Health and Population,2249173134.0
Bangladesh,Humanitarian,1559701933.0
Bangladesh,Infrastructure,102832953.0
Bangladesh,Other,11454804255.0
Barbados,Administrative Costs,60486.0
Barbados,Economic Growth,687181.0
Barbados,Governance,72327862.0
Barbados,Health and Population,13635980.0
Barbados,Humanitarian,5215062.0
Barbados,Infrastructure,99138.0
Barbados,Other,16243014.0
Belarus,Administrative Costs,18317241.0
Belarus,Agriculture,681217.0
Belarus,Commodity Assistance,100921098.0
Belarus,Economic Growth,29230627.0
Belarus,Education,11693837.0
Belarus,Governance,444589925.0
Belarus,Health and Population,6455034.0
Belarus,Humanitarian,576031.0
Belarus,Infrastructure,129764525.0
Belarus,Other,408164947.0
Belgium,Governance,50146311.0
Belgium,Humanitarian,604053.0
Belgium,Infrastructure,170942891.0
Belgium,Other,14798489579.0
Belize,Agriculture,989955.0
Belize,Economic Growth,342368.0
Belize,Education,12006575.0
Belize,Governance,199461544.0
Belize,Health and Population,30770361.0
Belize,Humanitarian,5234213.0
Belize,Infrastructure,1603252.0
Belize,Other,450934604.0
Benin,Administrative Costs,367123315.0
Benin,Agriculture,116014931.0
Benin,Commodity Assistance,351572615.0
Benin,Economic Growth,120162168.0
Benin,Education,310164560.0
Benin,Governance,161931958.0
Benin,Health and Population,790501958.0
Benin,Humanitarian,16378140.0
Benin,Infrastructure,1053069506.0
Benin,Other,798632962.0
Bermuda,Agriculture,64514.0
Bermuda,Infrastructure,97680.0
Bermuda,Other,30842.0
Bhutan,Agriculture,137882.0
Bhutan,Commodity Assistance,3651086.0
Bhutan,Education,2086322.0
Bhutan,Governance,6544646.0
Bhutan,Health and Population,1012076.0
Bhutan,Humanitarian,5144666.0
Bhutan,Infrastructure,473046.0
Bhutan,Other,17586331.0
Bolivia,Administrative Costs,183610680.0
Bolivia,Agriculture,735853466.0
Bolivia,Commodity Assistance,883024653.0
Bolivia,Economic Growth,50686991.0
Bolivia,Education,41083590.0
Bolivia,Governance,3124922366.0
Bolivia,Health and Population,477311775.0
Bolivia,Humanitarian,8247460.0
Bolivia,Infrastructure,3927111.0
Bolivia,Other,9279633086.0
Bosnia and Herzegovina,Administrative Costs,306315773.0
Bosnia and Herzegovina,Agriculture,32403976.0
Bosnia and Herzegovina,Commodity Assistance,176356623.0
Bosnia and Herzegovina,Economic Growth,441593201.0
Bosnia and Herzegovina,Education,14513802.0
Bosnia and Herzegovina,Governance,1885578662.0
Bosnia and Herzegovina,Health and Population,5165264.0
Bosnia and Herzegovina,Humanitarian,622479127.0
Bosnia and Herzegovina,Infrastructure,25579596.0
Bosnia and Herzegovina,Other,1343194939.0
Botswana,Administrative Costs,10241564.0
Botswana,Agriculture,5437087.0
Botswana,Commodity Assistance,9511109.0
Botswana,Economic Growth,32026784.0
Botswana,Education,7795889.0
Botswana,Governance,135849331.0
Botswana,Health and Population,2635811202.0
Botswana,Humanitarian,830531.0
Botswana,Infrastructure,3357723.0
Botswana,Other,1284834830.0
Brazil,Administrative Costs,100278471.0
Brazil,Agriculture,79268845.0
Brazil,Commodity Assistance,6231360.0
Brazil,Economic Growth,34580321.0
Brazil,Education,18425996.0
Brazil,Governance,1308593852.0
Brazil,Health and Population,301728914.0
Brazil,Humanitarian,83098034.0
Brazil,Infrastructure,106739516.0
Brazil,Other,19076652668.0
British Virgin Islands,Governance,45406.0
Brunei,Administrative Costs,28680.0
Brunei,Governance,1436367.0
Brunei,Humanitarian,328156.0
Bulgaria,Administrative Costs,33271613.0
Bulgaria,Agriculture,8679290.0
Bulgaria,Commodity Assistance,32150526.0
Bulgaria,Economic Growth,85153827.0
Bulgaria,Education,23174011.0
Bulgaria,Governance,1028802047.0
Bulgaria,Health and Population,13335961.0
Bulgaria,Humanitarian,22006715.0
Bulgaria,Infrastructure,114830976.0
Bulgaria,Other,459735904.0
Burkina Faso,Administrative Costs,232857176.0
Burkina Faso,Agriculture,436771732.0
Burkina Faso,Commodity Assistance,815387098.0
Burkina Faso,Economic Growth,7274252.0
Burkina Faso,Education,194570802.0
Burkina Faso,Governance,355933884.0
Burkina Faso,Health and Population,442267472.0
Burkina Faso,Humanitarian,320593405.0
Burkina Faso,Infrastructure,509553067.0
Burkina Faso,Other,1092348710.0
Burma (Myanmar),Administrative Costs,179546936.0
Burma (Myanmar),Agriculture,203110789.0
Burma (Myanmar),Commodity Assistance,288005.0
Burma (Myanmar),Economic Growth,74069887.0
Burma (Myanmar),Education,90984553.0
Burma (Myanmar),Governance,866060884.0
Burma (Myanmar),Health and Population,427879108.0
Burma (Myanmar),Humanitarian,1262838948.0
Burma (Myanmar),Infrastructure,12625303.0
Burma (Myanmar),Other,1896290184.0
Burundi,Administrative Costs,54216740.0
Burundi,Agriculture,40122968.0
Burundi,Commodity Assistance,323248240.0
Burundi,Economic Growth,18543376.0
Burundi,Education,2105479.0
Burundi,Governance,378769243.0
Burundi,Health and Population,541126130.0
Burundi,Humanitarian,1449646286.0
Burundi,Infrastructure,20079.0
Burundi,Other,370597095.0
Cabo Verde,Administrative Costs,58038687.0
Cabo Verde,Agriculture,33261489.0
Cabo Verde,Commodity Assistance,129287170.0
Cabo Verde,Economic Growth,19643199.0
Cabo Verde,Education,3676629.0
Cabo Verde,Governance,50314432.0
Cabo Verde,Health and Population,94920013.0
Cabo Verde,Humanitarian,1124756.0
Cabo Verde,Infrastructure,206021668.0
Cabo Verde,Other,405846869.0
Cambodia,Administrative Costs,297836489.0
Cambodia,Agriculture,209839482.0
Cambodia,Commodity Assistance,81496767.0
Cambodia,Economic Growth,65277225.0
Cambodia,Education,285096579.0
Cambodia,Governance,6066111047.0
Cambodia,Health and Population,1546464906.0
Cambodia,Humanitarian,54943312.0
Cambodia,Infrastructure,5093286.0
Cambodia,Other,10022829745.0
Cameroon,Administrative Costs,18765856.0
Cameroon,Agriculture,585029.0
Cameroon,Commodity Assistance,96359983.0
Cameroon,Economic Growth,5669828.0
Cameroon,Education,139636396.0
Cameroon,Governance,370310154.0
Cameroon,Health and Population,797193376.0
Cameroon,Humanitarian,742955030.0
Cameroon,Infrastructure,8649995.0
Cameroon,Other,1200921877.0
Canada,Administrative Costs,8683.0
Canada,Agriculture,378486.0
Canada,Economic Growth,969640.0
Canada,Governance,1554024.0
Canada,Humanitarian,214199.0
Canada,Infrastructure,82038083.0
Canada,Other,918182215.0
Cayman Islands,Agriculture,44172.0
Cayman Islands,Governance,9486.0
Cayman Islands,Other,1406036.0
Central African Republic,Administrative Costs,8176834.0
Central African Republic,Agriculture,22562.0
Central African Republic,Commodity Assistance,71600476.0
Central African Republic,Economic Growth,20862.0
Central African Republic,Governance,262896239.0
Central African Republic,Health and Population,22006030.0
Central African Republic,Humanitarian,1436793933.0
Central African Republic,Infrastructure,5764393.0
Central African Republic,Other,191274135.0
Chad,Administrative Costs,7667124.0
Chad,Agriculture,497911.0
Chad,Commodity Assistance,187187705.0
Chad,Economic Growth,174251.0
Chad,Education,23192263.0
Chad,Governance,430979028.0
Chad,Health and Population,50578882.0
Chad,Humanitarian,3628470557.0
Chad,Infrastructure,42701.0
Chad,Other,820281017.0
Chile,Agriculture,1948180.0
Chile,Economic Growth,3400193.0
Chile,Education,520116.0
Chile,Governance,394647690.0
Chile,Health and Population,2497014.0
Chile,Humanitarian,30067251.0
Chile,Infrastructure,63366823.0
Chile,Other,8108636978.0
China (P.R. Hong Kong),Administrative Costs,53702.0
China (P.R. Hong Kong),Agriculture,250352.0
China (P.R. Hong Kong),Economic Growth,2046056.0
China (P.R. Hong Kong),Governance,16495355.0
China (P.R. Hong Kong),Humanitarian,31845.0
China (P.R. Hong Kong),Infrastructure,433359.0
China (P.R. Hong Kong),Other,296987462.0
China (P.R.C.),Administrative Costs,34412455.0
China (P.R.C.),Agriculture,19697608.0
China (P.R.C.),Commodity Assistance,55146268.0
China (P.R.C.),Economic Growth,82506142.0
China (P.R.C.),Education,88726805.0
China (P.R.C.),Governance,758025332.0
China (P.R.C.),Health and Population,395263367.0
China (P.R.C.),Humanitarian,60755371.0
China (P.R.C.),Infrastructure,326428412.0
China (P.R.C.),Other,342385286.0
Colombia,Administrative Costs,453258294.0
Colombia,Agriculture,2802696626.0
Colombia,Commodity Assistance,14066517.0
Colombia,Economic Growth,47627836.0
Colombia,Education,46777669.0
Colombia,Governance,24660426910.0
Colombia,Health and Population,58959944.0
Colombia,Humanitarian,1461059394.0
Colombia,Infrastructure,73812132.0
Colombia,Other,9774400529.0
Comoros,Commodity Assistance,3007004.0
Comoros,Economic Growth,754802.0
Comoros,Education,16601870.0
Comoros,Governance,10271255.0
Comoros,Health and Population,1030282.0
Comoros,Humanitarian,1771168.0
Comoros,Other,32235125.0
Congo (Brazzaville),Agriculture,234887.0
Congo (Brazzaville),Commodity Assistance,49888778.0
Congo (Brazzaville),Economic Growth,239645.0
Congo (Brazzaville),Education,126586168.0
Congo (Brazzaville),Governance,28988780.0
Congo (Brazzaville),Health and Population,13368136.0
Congo (Brazzaville),Humanitarian,132267505.0
Congo (Brazzaville),Infrastructure,2641118.0
Congo (Brazzaville),Other,193101713.0
Congo (Kinshasa),Administrative Costs,679576744.0
Congo (Kinshasa),Agriculture,160979560.0
Congo (Kinshasa),Commodity Assistance,809953594.0
Congo (Kinshasa),Economic Growth,42193916.0
Congo (Kinshasa),Education,595232949.0
Congo (Kinshasa),Governance,2436794527.0
Congo (Kinshasa),Health and Population,3633230351.0
Congo (Kinshasa),Humanitarian,6337835412.0
Congo (Kinshasa),Infrastructure,23398666.0
Congo (Kinshasa),Other,6767770920.0
Costa Rica,Administrative Costs,60591503.0
Costa Rica,Agriculture,2875280.0
Costa Rica,Commodity Assistance,4453853.0
Costa Rica,Economic Growth,3641647.0
Costa Rica,Education,66360801.0
Costa Rica,Governance,271081219.0
Costa Rica,Health and Population,5673532.0
Costa Rica,Humanitarian,56568001.0
Costa Rica,Infrastructure,4683798.0
Costa Rica,Other,6182486563.0
Cote d'Ivoire,Administrative Costs,176596085.0
Cote d'Ivoire,Agriculture,125038.0
Cote d'Ivoire,Commodity Assistance,89843382.0
Cote d'Ivoire,Economic Growth,12110171.0
Cote d'Ivoire,Education,254555747.0
Cote d'Ivoire,Governance,273927666.0
Cote d'Ivoire,Health and Population,2579401710.0
Cote d'Ivoire,Humanitarian,334683200.0
Cote d'Ivoire,Infrastructure,307386852.0
Cote d'Ivoire,Other,626598325.0
Croatia,Administrative Costs,34911784.0
Croatia,Agriculture,3300878.0
Croatia,Economic Growth,206340906.0
Croatia,Education,266789.0
Croatia,Governance,692215398.0
Croatia,Health and Population,1415091.0
Croatia,Humanitarian,85785868.0
Croatia,Infrastructure,17053164.0
Croatia,Other,237670902.0
Cuba,Administrative Costs,33792450.0
Cuba,Agriculture,157934.0
Cuba,Economic Growth,1269844.0
Cuba,Education,103314.0
Cuba,Governance,508572067.0
Cuba,Humanitarian,35388728.0
Cuba,Infrastructure,58690.0
Cuba,Other,154020328.0
Curacao,Agriculture,93576.0
Curacao,Governance,100626328.0
Curacao,Humanitarian,113676.0
Cyprus,Administrative Costs,11941293.0
Cyprus,Economic Growth,2714094.0
Cyprus,Governance,174934343.0
Cyprus,Humanitarian,122397195.0
Cyprus,Infrastructure,23808021.0
Cyprus,Other,1748114569.0
Czechia,Administrative Costs,37695.0
Czechia,Commodity Assistance,137392.0
Czechia,Economic Growth,2646033.0
Czechia,Education,2132229.0
Czechia,Governance,529989223.0
Czechia,Health and Population,3987269.0
Czechia,Humanitarian,413212.0
Czechia,Infrastructure,179145933.0
Czechia,Other,79463941.0
Denmark,Agriculture,7336.0
Denmark,Economic Growth,105000.0
Denmark,Governance,163168.0
Denmark,Infrastructure,376762.0
Denmark,Other,7218240432.0
Djibouti,Administrative Costs,64765491.0
Djibouti,Agriculture,109011.0
Djibouti,Commodity Assistance,8579275.0
Djibouti,Economic Growth,1433008.0
Djibouti,Education,117021388.0
Djibouti,Governance,436400626.0
Djibouti,Health and Population,75971577.0
Djibouti,Humanitarian,190929786.0
Djibouti,Infrastructure,8878933.0
Djibouti,Other,187655582.0
Dominica,Governance,24566700.0
Dominica,Humanitarian,20795040.0
Dominica,Other,73628.0
Dominican Republic,Administrative Costs,311854732.0
Dominican Republic,Agriculture,75130142.0
Dominican Republic,Commodity Assistance,264246742.0
Dominican Republic,Economic Growth,61068636.0
Dominican Republic,Education,216573937.0
Dominican Republic,Governance,870023057.0
Dominican Republic,Health and Population,668830787.0
Dominican Republic,Humanitarian,74836597.0
Dominican Republic,Infrastructure,49914258.0
Dominican Republic,Other,7622631550.0
Ecuador,Administrative Costs,118751506.0
Ecuador,Agriculture,143751013.0
Ecuador,Commodity Assistance,195400185.0
Ecuador,Economic Growth,53210649.0
Ecuador,Education,50595158.0
Ecuador,Governance,1667889465.0
Ecuador,Health and Population,83075173.0
Ecuador,Humanitarian,324775722.0
Ecuador,Infrastructure,6191696.0
Ecuador,Other,3754642656.0
Egypt,Administrative Costs,494215023.0
Egypt,Agriculture,291981894.0
Egypt,Commodity Assistance,3506024449.0
Egypt,Economic Growth,7377847236.0
Egypt,Education,2075637993.0
Egypt,Governance,102864940063.0
Egypt,Health and Population,1745056708.0
Egypt,Humanitarian,369348386.0
Egypt,Infrastructure,1467764884.0
Egypt,Other,101988336637.0
El Salvador,Administrative Costs,668521058.0
El Salvador,Agriculture,288201790.0
El Salvador,Commodity Assistance,212783661.0
El Salvador,Economic Growth,448916237.0
El Salvador,Education,546382893.0
El Salvador,Governance,2415605177.0
El Salvador,Health and Population,327172772.0
El Salvador,Humanitarian,572213147.0
El Salvador,Infrastructure,790209563.0
El Salvador,Other,13538176972.0
Equatorial Guinea,Commodity Assistance,3893233.0
Equatorial Guinea,Governance,5217563.0
Equatorial Guinea,Health and Population,9141556.0
Equatorial Guinea,Other,38195149.0
Eritrea,Administrative Costs,18059196.0
Eritrea,Agriculture,49935911.0
Eritrea,Commodity Assistance,230500321.0
Eritrea,Economic Growth,123052.0
Eritrea,Education,11006664.0
Eritrea,Governance,76369960.0
Eritrea,Health and Population,83935595.0
Eritrea,Humanitarian,673410164.0
Eritrea,Other,113258179.0
Estonia,Economic Growth,3275615.0
Estonia,Governance,751791143.0
Estonia,Health and Population,3938259.0
Estonia,Humanitarian,154202.0
Estonia,Infrastructure,17311430.0
Estonia,Other,40213192.0
Eswatini,Administrative Costs,4051781.0
Eswatini,Agriculture,1534968.0
Eswatini,Commodity Assistance,5880647.0
Eswatini,Economic Growth,1928600.0
Eswatini,Education,19098009.0
Eswatini,Governance,17020768.0
Eswatini,Health and Population,1081026429.0
Eswatini,Humanitarian,45107254.0
Eswatini,Other,527759823.0
Ethiopia,Administrative Costs,650072769.0
Ethiopia,Agriculture,1055238896.0
Ethiopia,Commodity Assistance,3861363640.0
Ethiopia,Economic Growth,402813259.0
Ethiopia,Education,1044023829.0
Ethiopia,Governance,1169592550.0
Ethiopia,Health and Population,8829825094.0
Ethiopia,Humanitarian,15144387333.0
Ethiopia,Infrastructure,35197457.0
Ethiopia,Other,4979403645.0
Fiji,Agriculture,234316.0
Fiji,Economic Growth,37904.0
Fiji,Education,17129593.0
Fiji,Governance,15183007.0
Fiji,Health and Population,16086036.0
Fiji,Humanitarian,10033734.0
Fiji,Other,33941523.0
Finland,Governance,1898699.0
Finland,Infrastructure,83720.0
Finland,Other,406537444.0
France,Agriculture,58316.0
France,Economic Growth,95968.0
France,Governance,4976129.0
France,Humanitarian,40652.0
France,Infrastructure,8517612.0
France,Other,63635778677.0
French Polynesia,Other,34582.0
Gabon,Agriculture,1125553.0
Gabon,Governance,70068542.0
Gabon,Health and Population,10662875.0
Gabon,Humanitarian,1156125.0
Gabon,Infrastructure,2352334.0
Gabon,Other,282682574.0
Gambia,Administrative Costs,15228.0
Gambia,Agriculture,136276.0
Gambia,Commodity Assistance,89859213.0
Gambia,Economic Growth,1674851.0
Gambia,Education,15034665.0
Gambia,Governance,37800430.0
Gambia,Health and Population,20271906.0
Gambia,Humanitarian,41116140.0
Gambia,Infrastructure,1049489.0
Gambia,Other,410578688.0
Georgia,Administrative Costs,445622796.0
Georgia,Agriculture,220845282.0
Georgia,Commodity Assistance,507070941.0
Georgia,Economic Growth,618978790.0
Georgia,Education,436394186.0
Georgia,Governance,3784953687.0
Georgia,Health and Population,460067486.0
Georgia,Humanitarian,440834391.0
Georgia,Infrastructure,1436721975.0
Georgia,Other,1229938555.0
Germany,Governance,11982946.0
Germany,Health and Population,9430.0
Germany,Humanitarian,1217560.0
Germany,Infrastructure,3229962.0
Germany,Other,20862815725.0
Ghana,Administrative Costs,608751768.0
Ghana,Agriculture,1401705561.0
Ghana,Commodity Assistance,710405974.0
Ghana,Economic Growth,374255304.0
Ghana,Education,724879282.0
Ghana,Governance,580350284.0
Ghana,Health and Population,2108538992.0
Ghana,Humanitarian,49470853.0
Ghana,Infrastructure,1385044728.0
Ghana,Other,3431138010.0
Greece,Economic Growth,122598.0
Greece,Education,7202147.0
Greece,Governance,15078963526.0
Greece,Health and Population,1892540.0
Greece,Humanitarian,6075473.0
Greece,Infrastructure,3076009.0
Greece,Other,30617030321.0
Grenada,Agriculture,43100.0
Grenada,Economic Growth,10000.0
Grenada,Governance,29027743.0
Grenada,Humanitarian,6480863.0
Grenada,Other,250857069.0
Guatemala,Administrative Costs,401775056.0
Guatemala,Agriculture,462809337.0
Guatemala,Commodity Assistance,1148332890.0
Guatemala,Economic Growth,160361721.0
Guatemala,Education,787526320.0
Guatemala,Governance,2012532102.0
Guatemala,Health and Population,816782992.0
Guatemala,Humanitarian,371535261.0
Guatemala,Infrastructure,6563257.0
Guatemala,Other,6279270995.0
Guinea,Administrative Costs,208124120.0
Guinea,Agriculture,34684721.0
Guinea,Commodity Assistance,131830806.0
Guinea,Economic Growth,19556299.0
Guinea,Education,177067673.0
Guinea,Governance,319670683.0
Guinea,Health and Population,802472139.0
Guinea,Humanitarian,564356395.0
Guinea,Infrastructure,2774058.0
Guinea,Other,1955604971.0
Guinea-Bissau,Administrative Costs,30861.0
Guinea-Bissau,Agriculture,61942.0
Guinea-Bissau,Commodity Assistance,15664830.0
Guinea-Bissau,Economic Growth,5182676.0
Guinea-Bissau,Education,158637393.0
Guinea-Bissau,Governance,34700098.0
Guinea-Bissau,Health and Population,7278976.0
Guinea-Bissau,Humanitarian,9791478.0
Guinea-Bissau,Other,194797694.0
Guyana,Administrative Costs,24439544.0
Guyana,Agriculture,7926990.0
Guyana,Commodity Assistance,59972452.0
Guyana,Economic Growth,48095208.0
Guyana,Education,24377840.0
Guyana,Governance,114262381.0
Guyana,Health and Population,396028277.0
Guyana,Humanitarian,4018163.0
Guyana,Infrastructure,1295826.0
Guyana,Other,923157272.0
Haiti,Administrative Costs,851865126.0
Haiti,Agriculture,710767346.0
Haiti,Commodity Assistance,1372539534.0
Haiti,Economic Growth,253700875.0
Haiti,Education,527562005.0
Haiti,Governance,2883300382.0
Haiti,Health and Population,4231077351.0
Haiti,Humanitarian,4060089376.0
Haiti,Infrastructure,398820970.0
Haiti,Other,4938825009.0
Honduras,Administrative Costs,350038713.0
Honduras,Agriculture,484010982.0
Honduras,Commodity Assistance,614215632.0
Honduras,Economic Growth,92790280.0
Honduras,Education,450204343.0
Honduras,Governance,1829957090.0
Honduras,Health and Population,450867648.0
Honduras,Humanitarian,365542457.0
Honduras,Infrastructure,345081159.0
Honduras,Other,6955080062.0
Hungary,Administrative Costs,39795701.0
Hungary,Agriculture,919455.0
Hungary,Economic Growth,3811987.0
Hungary,Governance,467865645.0
Hungary,Health and Population,4918511.0
Hungary,Humanitarian,2816373.0
Hungary,Infrastructure,192629044.0
Hungary,Other,406834207.0
Iceland,Governance,2089705.0
Iceland,Other,786731242.0
India,Administrative Costs,372070984.0
India,Agriculture,116826188.0
India,Commodity Assistance,2792351518.0
India,Economic Growth,108930438.0
India,Education,107775751.0
India,Governance,566017186.0
India,Health and Population,3553783825.0
India,Humanitarian,293959734.0
India,Infrastructure,215918943.0
India,Other,66293431292.0
Indonesia,Administrative Costs,728974527.0
Indonesia,Agriculture,308613881.0
Indonesia,Commodity Assistance,865288012.0
Indonesia,Economic Growth,207387785.0
Indonesia,Education,986586272.0
Indonesia,Governance,5352235584.0
Indonesia,Health and Population,2086450476.0
Indonesia,Humanitarian,1617419086.0
Indonesia,Infrastructure,214492540.0
Indonesia,Other,18721501668.0
Iran,Economic Growth,148782.0
Iran,Governance,77321093.0
Iran,Health and Population,716466.0
Iran,Humanitarian,27249177.0
Iran,Other,16014637829.0
Iraq,Administrative Costs,1203814440.0
Iraq,Agriculture,1144441583.0
Iraq,Commodity Assistance,210848457.0
Iraq,Economic Growth,9579215737.0
Iraq,Education,1358925412.0
Iraq,Governance,103130824144.0
Iraq,Health and Population,9137070065.0
Iraq,Humanitarian,11888345596.0
Iraq,Infrastructure,20257699427.0
Iraq,Other,5003271585.0
Ireland,Administrative Costs,240810.0
Ireland,Governance,196175028.0
Ireland,Humanitarian,34188.0
Ireland,Other,2670089430.0
Israel,Administrative Costs,43201.0
Israel,Agriculture,10752451.0
Israel,Economic Growth,6859798760.0
Israel,Education,80685244.0
Israel,Governance,228330647905.0
Israel,Health and Population,100206023.0
Israel,Humanitarian,1892309740.0
Israel,Infrastructure,10478213.0
Israel,Other,127430193224.0
Italy,Agriculture,9750.0
Italy,Economic Growth,196952.0
Italy,Governance,9733189.0
Italy,Health and Population,30777696.0
Italy,Humanitarian,753353.0
Italy,Infrastructure,12266893.0
Italy,Other,36681004138.0
Jamaica,Administrative Costs,159334084.0
Jamaica,Agriculture,13592548.0
Jamaica,Commodity Assistance,119101108.0
Jamaica,Economic Growth,74721601.0
Jamaica,Education,194050926.0
Jamaica,Governance,454420841.0
Jamaica,Health and Population,198275119.0
Jamaica,Humanitarian,65896032.0
Jamaica,Infrastructure,53058317.0
Jamaica,Other,4978126684.0
Japan,Administrative Costs,10418830.0
Japan,Agriculture,292462.0
Japan,Economic Growth,1040910.0
Japan,Governance,3946857.0
Japan,Health and Population,9166.0
Japan,Humanitarian,207517694.0
Japan,Infrastructure,17487951.0
Japan,Other,10284563976.0
Jordan,Administrative Costs,510359583.0
Jordan,Agriculture,11963702.0
Jordan,Commodity Assistance,541851494.0
Jordan,Economic Growth,727498338.0
Jordan,Education,1800035912.0
Jordan,Governance,28506527017.0
Jordan,Health and Population,4191937278.0
Jordan,Humanitarian,5633895073.0
Jordan,Infrastructure,296903316.0
Jordan,Other,23804203287.0
Kazakhstan,Administrative Costs,529775824.0
Kazakhstan,Agriculture,1481960.0
Kazakhstan,Commodity Assistance,84042298.0
Kazakhstan,Economic Growth,260080265.0
Kazakhstan,Education,20110004.0
Kazakhstan,Governance,1736122967.0
Kazakhstan,Health and Population,215323743.0
Kazakhstan,Humanitarian,1465694.0
Kazakhstan,Infrastructure,1342987830.0
Kazakhstan,Other,1372341199.0
Kenya,Administrative Costs,611944351.0
Kenya,Agriculture,1129762927.0
Kenya,Commodity Assistance,841869626.0
Kenya,Economic Growth,145828756.0
Kenya,Education,765432103.0
Kenya,Governance,2737186217.0
Kenya,Health and Population,14832988623.0
Kenya,Humanitarian,5319709843.0
Kenya,Infrastructure,30032743.0
Kenya,Other,4018792524.0
Kiribati,Administrative Costs,1782.0
Kiribati,Governance,568848.0
Kiribati,Health and Population,641052.0
Kiribati,Humanitarian,107104.0
Kiribati,Other,23044283.0
Korea Republic,Agriculture,54054.0
Korea Republic,Economic Growth,3960709.0
Korea Republic,Governance,11218351480.0
Korea Republic,Health and Population,1152789.0
Korea Republic,Humanitarian,6982643.0
Korea Republic,Infrastructure,50144921.0
Korea Republic,Other,82903513265.0
"Korea, Democratic Republic",Administrative Costs,59354985.0
"Korea, Democratic Republic",Commodity Assistance,78040980.0
"Korea, Democratic Republic",Economic Growth,1056740.0
"Korea, Democratic Republic",Governance,136463222.0
"Korea, Democratic Republic",Health and Population,32963.0
"Korea, Democratic Republic",Humanitarian,1104525012.0
"Korea, Democratic Republic",Infrastructure,36872444.0
"Korea, Democratic Republic",Other,125716049.0
Kosovo,Administrative Costs,129121907.0
Kosovo,Agriculture,8636144.0
Kosovo,Commodity Assistance,7059246.0
Kosovo,Economic Growth,230294641.0
Kosovo,Education,89189593.0
Kosovo,Governance,1007815180.0
Kosovo,Health and Population,17480345.0
Kosovo,Humanitarian,24476341.0
Kosovo,Infrastructure,88605583.0
Kosovo,Other,512608710.0
Kuwait,Economic Growth,717289.0
Kuwait,Governance,13460272.0
Kuwait,Infrastructure,183128.0
Kuwait,Other,30510385.0
Kyrgyzstan,Administrative Costs,118575144.0
Kyrgyzstan,Agriculture,137886603.0
Kyrgyzstan,Commodity Assistance,265999544.0
Kyrgyzstan,Economic Growth,363775991.0
Kyrgyzstan,Education,215588211.0
Kyrgyzstan,Governance,1393618116.0
Kyrgyzstan,Health and Population,207325982.0
Kyrgyzstan,Humanitarian,98040491.0
Kyrgyzstan,Infrastructure,53921000.0
Kyrgyzstan,Other,572813117.0
Laos,Administrative Costs,18598786.0
Laos,Agriculture,2343929.0
Laos,Commodity Assistance,19353418.0
Laos,Economic Growth,56686806.0
Laos,Education,215858438.0
Laos,Governance,513648264.0
Laos,Health and Population,72714736.0
Laos,Humanitarian,24812474.0
Laos,Infrastructure,5881534.0
Laos,Other,19147955729.0
Latvia,Administrative Costs,8873.0
Latvia,Economic Growth,1987206.0
Latvia,Governance,565675866.0
Latvia,Health and Population,615148.0
Latvia,Humanitarian,1691629.0
Latvia,Infrastructure,51081618.0
Latvia,Other,59401421.0
Lebanon,Administrative Costs,238177569.0
Lebanon,Agriculture,96270020.0
Lebanon,Commodity Assistance,79350350.0
Lebanon,Economic Growth,381240593.0
Lebanon,Education,935188373.0
Lebanon,Governance,5223885617.0
Lebanon,Health and Population,397725361.0
Lebanon,Humanitarian,3871558256.0
Lebanon,Infrastructure,195375310.0
Lebanon,Other,2285294565.0
Lesotho,Administrative Costs,112046567.0
Lesotho,Agriculture,82571.0
Lesotho,Commodity Assistance,31022629.0
Lesotho,Economic Growth,12081269.0
Lesotho,Education,31991494.0
Lesotho,Governance,76609623.0
Lesotho,Health and Population,1805927154.0
Lesotho,Humanitarian,85869024.0
Lesotho,Infrastructure,727483.0
Lesotho,Other,927928038.0
Liberia,Administrative Costs,603654468.0
Liberia,Agriculture,289912269.0
Liberia,Commodity Assistance,387335449.0
Liberia,Economic Growth,136492358.0
Liberia,Education,860150638.0
Liberia,Governance,2332863311.0
Liberia,Health and Population,1339052663.0
Liberia,Humanitarian,2490742125.0
Liberia,Infrastructure,757144758.0
Liberia,Other,3732384188.0
Libya,Administrative Costs,46584128.0
Libya,Economic Growth,46300687.0
Libya,Education,3076862.0
Libya,Governance,922917189.0
Libya,Health and Population,12118956.0
Libya,Humanitarian,543057239.0
Libya,Infrastructure,70820854.0
Libya,Other,1636436872.0
Lithuania,Administrative Costs,149140.0
Lithuania,Agriculture,415902.0
Lithuania,Economic Growth,7044970.0
Lithuania,Governance,773661112.0
Lithuania,Health and Population,11430.0
Lithuania,Humanitarian,158484.0
Lithuania,Infrastructure,35012064.0
Lithuania,Other,197740967.0
Luxembourg,Agriculture,11130.0
Luxembourg,Governance,110326.0
Macau,Economic Growth,84648.0
Macau,Governance,512134.0
Madagascar,Administrative Costs,220374887.0
Madagascar,Agriculture,34669495.0
Madagascar,Commodity Assistance,985984528.0
Madagascar,Economic Growth,141712621.0
Madagascar,Education,31827685.0
Madagascar,Governance,205049518.0
Madagascar,Health and Population,1482834008.0
Madagascar,Humanitarian,281542444.0
Madagascar,Infrastructure,2381341.0
Madagascar,Other,1188068148.0
Malawi,Administrative Costs,529411776.0
Malawi,Agriculture,709183769.0
Malawi,Commodity Assistance,644608176.0
Malawi,Economic Growth,32620859.0
Malawi,Education,764760884.0
Malawi,Governance,217620701.0
Malawi,Health and Population,3693226730.0
Malawi,Humanitarian,663970023.0
Malawi,Infrastructure,646688465.0
Malawi,Other,2087096577.0
Malaysia,Administrative Costs,3471598.0
Malaysia,Agriculture,584453.0
Malaysia,Economic Growth,4559656.0
Malaysia,Education,809235.0
Malaysia,Governance,1297252112.0
Malaysia,Health and Population,9956749.0
Malaysia,Humanitarian,47066650.0
Malaysia,Infrastructure,90153035.0
Malaysia,Other,629514516.0
Maldives,Administrative Costs,131085.0
Maldives,Economic Growth,19466.0
Maldives,Governance,77925685.0
Maldives,Health and Population,2479291.0
Maldives,Humanitarian,3875015.0
Maldives,Other,8605088.0
Mali,Administrative Costs,454561572.0
Mali,Agriculture,1019822565.0
Mali,Commodity Assistance,278479568.0
Mali,Economic Growth,207782846.0
Mali,Education,686786542.0
Mali,Governance,935129784.0
Mali,Health and Population,1756698175.0
Mali,Humanitarian,1187542227.0
Mali,Infrastructure,511136264.0
Mali,Other,2145939297.0
Malta,Economic Growth,959743.0
Malta,Governance,82248945.0
Malta,Health and Population,497142.0
Malta,Humanitarian,226482.0
Malta,Infrastructure,592927.0
Malta,Other,669496955.0
Marshall Islands,Administrative Costs,10658382.0
Marshall Islands,Agriculture,277519.0
Marshall Islands,Economic Growth,17431631.0
Marshall Islands,Education,426852131.0
Marshall Islands,Governance,453131292.0
Marshall Islands,Health and Population,259766478.0
Marshall Islands,Humanitarian,32459748.0
Marshall Islands,Infrastructure,81592741.0
Marshall Islands,Other,2954428935.0
Mauritania,Administrative Costs,7769329.0
Mauritania,Agriculture,10012088.0
Mauritania,Commodity Assistance,196701591.0
Mauritania,Economic Growth,5509030.0
Mauritania,Education,26587713.0
Mauritania,Governance,285646407.0
Mauritania,Health and Population,10863122.0
Mauritania,Humanitarian,403815237.0
Mauritania,Infrastructure,978453.0
Mauritania,Other,534102790.0
Mauritius,Agriculture,739434.0
Mauritius,Commodity Assistance,1553885.0
Mauritius,Economic Growth,851079.0
Mauritius,Education,10279.0
Mauritius,Governance,25068858.0
Mauritius,Health and Population,669464.0
Mauritius,Humanitarian,744185.0
Mauritius,Infrastructure,6544578.0
Mauritius,Other,278126523.0
Mexico,Administrative Costs,172311782.0
Mexico,Agriculture,26911222.0
Mexico,Commodity Assistance,25868683.0
Mexico,Economic Growth,180396912.0
Mexico,Education,56477434.0
Mexico,Governance,9301821923.0
Mexico,Health and Population,141133071.0
Mexico,Humanitarian,123739888.0
Mexico,Infrastructure,167300497.0
Mexico,Other,2447862851.0
Micronesia (Federated States),Administrative Costs,790090.0
Micronesia (Federated States),Agriculture,69052.0
Micronesia (Federated States),Economic Growth,81087725.0
Micronesia (Federated States),Education,831723006.0
Micronesia (Federated States),Governance,1053289276.0
Micronesia (Federated States),Health and Population,561371604.0
Micronesia (Federated States),Humanitarian,173702772.0
Micronesia (Federated States),Infrastructure,134908173.0
Micronesia (Federated States),Other,4027597726.0
Moldova,Administrative Costs,133649421.0
Moldova,Agriculture,313533411.0
Moldova,Commodity Assistance,81793335.0
Moldova,Economic Growth,503433113.0
Moldova,Education,90308482.0
Moldova,Governance,899555333.0
Moldova,Health and Population,32085861.0
Moldova,Humanitarian,2270980.0
Moldova,Infrastructure,352199166.0
Moldova,Other,623237485.0
Mongolia,Administrative Costs,178089013.0
Mongolia,Agriculture,531139.0
Mongolia,Commodity Assistance,174826515.0
Mongolia,Economic Growth,80016421.0
Mongolia,Education,160096629.0
Mongolia,Governance,625440317.0
Mongolia,Health and Population,145295951.0
Mongolia,Humanitarian,16452946.0
Mongolia,Infrastructure,495517946.0
Mongolia,Other,538295577.0
Montenegro,Administrative Costs,42061153.0
Montenegro,Agriculture,2046785.0
Montenegro,Commodity Assistance,24105098.0
Montenegro,Economic Growth,209786577.0
Montenegro,Governance,495370778.0
Montenegro,Health and Population,2800444.0
Montenegro,Humanitarian,2201955.0
Montenegro,Infrastructure,2460204.0
Montenegro,Other,275556827.0
Morocco,Administrative Costs,532998334.0
Morocco,Agriculture,1127959034.0
Morocco,Commodity Assistance,67298487.0
Morocco,Economic Growth,466170287.0
Morocco,Education,666860782.0
Morocco,Governance,3624079738.0
Morocco,Health and Population,102377119.0
Morocco,Humanitarian,4069510.0
Morocco,Infrastructure,41172483.0
Morocco,Other,9995282342.0
Mozambique,Administrative Costs,632732948.0
Mozambique,Agriculture,908035970.0
Mozambique,Commodity Assistance,1115267245.0
Mozambique,Economic Growth,144166973.0
Mozambique,Education,539978144.0
Mozambique,Governance,743080551.0
Mozambique,Health and Population,8564538724.0
Mozambique,Humanitarian,690188499.0
Mozambique,Infrastructure,391135616.0
Mozambique,Other,2173390564.0
Namibia,Administrative Costs,193680762.0
Namibia,Agriculture,122385796.0
Namibia,Commodity Assistance,20488068.0
Namibia,Economic Growth,165655172.0
Namibia,Education,465534270.0
Namibia,Governance,115099839.0
Namibia,Health and Population,2195844252.0
Namibia,Humanitarian,19241366.0
Namibia,Infrastructure,8195808.0
Namibia,Other,377873452.0
Nauru,Governance,453702.0
Nepal,Administrative Costs,366413385.0
Nepal,Agriculture,392636443.0
Nepal,Commodity Assistance,24340936.0
Nepal,Economic Growth,72722169.0
Nepal,Education,383322942.0
Nepal,Governance,980095302.0
Nepal,Health and Population,1369010904.0
Nepal,Humanitarian,564561712.0
Nepal,Infrastructure,55230422.0
Nepal,Other,2533334766.0
Netherlands,Governance,1318259.0
Netherlands,Health and Population,471530.0
Netherlands,Infrastructure,7346274.0
Netherlands,Other,18486581891.0
New Caledonia,Health and Population,1122008.0
New Caledonia,Other,118886.0
New Zealand,Administrative Costs,584.0
New Zealand,Agriculture,364931.0
New Zealand,Governance,242736.0
New Zealand,Humanitarian,2632642.0
New Zealand,Infrastructure,75124.0
New Zealand,Other,25007185.0
Nicaragua,Administrative Costs,252848137.0
Nicaragua,Agriculture,139669138.0
Nicaragua,Commodity Assistance,527746128.0
Nicaragua,Economic Growth,154911388.0
Nicaragua,Education,317490528.0
Nicaragua,Governance,932867642.0
Nicaragua,Health and Population,336740041.0
Nicaragua,Humanitarian,140040046.0
Nicaragua,Infrastructure,211705159.0
Nicaragua,Other,4617672182.0
Niger,Administrative Costs,169547186.0
Niger,Agriculture,516000449.0
Niger,Commodity Assistance,837782154.0
Niger,Economic Growth,7425352.0
Niger,Education,44001839.0
Niger,Governance,545532447.0
Niger,Health and Population,204959375.0
Niger,Humanitarian,1743128786.0
Niger,Infrastructure,149061151.0
Niger,Other,1547095645.0
Nigeria,Administrative Costs,694261905.0
Nigeria,Agriculture,487341416.0
Nigeria,Commodity Assistance,58524224.0
Nigeria,Economic Growth,244759021.0
Nigeria,Education,515318423.0
Nigeria,Governance,1643826570.0
Nigeria,Health and Population,12179804097.0
Nigeria,Humanitarian,2926859757.0
Nigeria,Infrastructure,190000679.0
Nigeria,Other,3538094309.0
North Macedonia,Administrative Costs,142859502.0
North Macedonia,Agriculture,8145163.0
North Macedonia,Commodity Assistance,32592632.0
North Macedonia,Economic Growth,324192850.0
North Macedonia,Education,125114735.0
North Macedonia,Governance,1076937297.0
North Macedonia,Health and Population,3727834.0
North Macedonia,Humanitarian,59483082.0
North Macedonia,Infrastructure,19825623.0
North Macedonia,Other,438863962.0
Norway,Economic Growth,79376.0
Norway,Governance,138883.0
Norway,Infrastructure,314224.0
Norway,Other,9428219638.0
Oman,Administrative Costs,1060625.0
Oman,Agriculture,6944.0
Oman,Economic Growth,1826605.0
Oman,Education,688290.0
Oman,Governance,1357195971.0
Oman,Health and Population,296274.0
Oman,Humanitarian,821980.0
Oman,Infrastructure,28166752.0
Oman,Other,894802327.0
Pakistan,Administrative Costs,1512380331.0
Pakistan,Agriculture,1122785656.0
Pakistan,Commodity Assistance,682739779.0
Pakistan,Economic Growth,863417120.0
Pakistan,Education,3155940932.0
Pakistan,Governance,23399462167.0
Pakistan,Health and Population,2465279915.0
Pakistan,Humanitarian,8223524028.0
Pakistan,Infrastructure,3842708883.0
Pakistan,Other,51533913753.0
Palau,Administrative Costs,26613209.0
Palau,Agriculture,56228.0
Palau,Economic Growth,444582.0
Palau,Education,19373816.0
Palau,Governance,210703413.0
Palau,Health and Population,2084629.0
Palau,Humanitarian,4792646.0
Palau,Infrastructure,279994457.0
Palau,Other,981073171.0
Panama,Administrative Costs,36412258.0
Panama,Agriculture,5092938.0
Panama,Commodity Assistance,2184285.0
Panama,Economic Growth,11941332.0
Panama,Education,27071379.0
Panama,Governance,756532861.0
Panama,Health and Population,79395851.0
Panama,Humanitarian,24667767.0
Panama,Infrastructure,32758503.0
Panama,Other,4254258453.0
Papua New Guinea,Administrative Costs,8273347.0
Papua New Guinea,Agriculture,277622.0
Papua New Guinea,Economic Growth,5037816.0
Papua New Guinea,Governance,29627250.0
Papua New Guinea,Health and Population,135622106.0
Papua New Guinea,Humanitarian,35677264.0
Papua New Guinea,Infrastructure,16678360.0
Papua New Guinea,Other,55061491.0
Paraguay,Administrative Costs,99261274.0
Paraguay,Agriculture,8926833.0
Paraguay,Commodity Assistance,15428649.0
Paraguay,Economic Growth,56364247.0
Paraguay,Education,22021831.0
Paraguay,Governance,636787302.0
Paraguay,Health and Population,109604213.0
Paraguay,Humanitarian,15418477.0
Paraguay,Infrastructure,4705741.0
Paraguay,Other,1414797812.0
Peru,Administrative Costs,529388261.0
Peru,Agriculture,1115317568.0
Peru,Commodity Assistance,1436613039.0
Peru,Economic Growth,163150276.0
Peru,Education,188744733.0
Peru,Governance,4836814685.0
Peru,Health and Population,673453671.0
Peru,Humanitarian,182831022.0
Peru,Infrastructure,35288153.0
Peru,Other,7885538112.0
Philippines,Administrative Costs,543407144.0
Philippines,Agriculture,52236815.0
Philippines,Commodity Assistance,1068918173.0
Philippines,Economic Growth,381697184.0
Philippines,Education,591654750.0
Philippines,Governance,7044715183.0
Philippines,Health and Population,1420058219.0
Philippines,Humanitarian,555347654.0
Philippines,Infrastructure,925906755.0
Philippines,Other,23177715578.0
Poland,Administrative Costs,515706.0
Poland,Agriculture,2464992.0
Poland,Commodity Assistance,53778701.0
Poland,Economic Growth,10307337.0
Poland,Education,2109151.0
Poland,Governance,9353253745.0
Poland,Health and Population,2285230.0
Poland,Humanitarian,1158268.0
Poland,Infrastructure,514220825.0
Poland,Other,1952381157.0
Portugal,Agriculture,1985970.0
Portugal,Governance,2345960869.0
Portugal,Humanitarian,217758.0
Portugal,Infrastructure,3173014.0
Portugal,Other,9950195780.0
Qatar,Economic Growth,38528.0
Qatar,Governance,20145501.0
Qatar,Health and Population,151658.0
Qatar,Humanitarian,108573.0
Qatar,Infrastructure,1300311.0
Qatar,Other,5919.0
Romania,Administrative Costs,39816426.0
Romania,Agriculture,3674705.0
Romania,Commodity Assistance,15165267.0
Romania,Economic Growth,246470928.0
Romania,Education,14708928.0
Romania,Governance,1224080243.0
Romania,Health and Population,162376870.0
Romania,Humanitarian,14289538.0
Romania,Infrastructure,109984669.0
Romania,Other,762078994.0
Russia,Administrative Costs,180527625.0
Russia,Agriculture,10492315.0
Russia,Commodity Assistance,2572863874.0
Russia,Economic Growth,606873340.0
Russia,Education,16869500.0
Russia,Governance,9051779999.0
Russia,Health and Population,597086682.0
Russia,Humanitarian,231855767.0
Russia,Infrastructure,17223146519.0
Russia,Other,8055192415.0
Rwanda,Administrative Costs,326215401.0
Rwanda,Agriculture,533486936.0
Rwanda,Commodity Assistance,364938348.0
Rwanda,Economic Growth,58292686.0
Rwanda,Education,378507841.0
Rwanda,Governance,398110350.0
Rwanda,Health and Population,3475396701.0
Rwanda,Humanitarian,1185894213.0
Rwanda,Infrastructure,29816220.0
Rwanda,Other,796706408.0
Samoa,Agriculture,25806.0
Samoa,Education,21911546.0
Samoa,Governance,3514948.0
Samoa,Health and Population,2228231.0
Samoa,Humanitarian,4928352.0
Samoa,Other,98878926.0
Sao Tome and Principe,Administrative Costs,10153715.0
Sao Tome and Principe,Agriculture,32835.0
Sao Tome and Principe,Commodity Assistance,5583635.0
Sao Tome and Principe,Economic Growth,722460.0
Sao Tome and Principe,Education,14733.0
Sao Tome and Principe,Governance,31977543.0
Sao Tome and Principe,Health and Population,3056797.0
Sao Tome and Principe,Humanitarian,21440.0
Sao Tome and Principe,Infrastructure,2419699.0
Sao Tome and Principe,Other,31958697.0
Saudi Arabia,Administrative Costs,166208.0
Saudi Arabia,Agriculture,3426.0
Saudi Arabia,Economic Growth,646400.0
Saudi Arabia,Governance,93857600.0
Saudi Arabia,Health and Population,1570581.0
Saudi Arabia,Humanitarian,1875079.0
Saudi Arabia,Infrastructure,1246360.0
Saudi Arabia,Other,2019766478.0
Senegal,Administrative Costs,833024032.0
Senegal,Agriculture,901623260.0
Senegal,Commodity Assistance,217597784.0
Senegal,Economic Growth,175690268.0
Senegal,Education,560868512.0
Senegal,Governance,641316803.0
Senegal,Health and Population,1857406845.0
Senegal,Humanitarian,110690634.0
Senegal,Infrastructure,695921483.0
Senegal,Other,2589666584.0
Serbia,Administrative Costs,206195113.0
Serbia,Agriculture,65946532.0
Serbia,Commodity Assistance,1279480.0
Serbia,Economic Growth,531376522.0
Serbia,Education,1084957.0
Serbia,Governance,1531115092.0
Serbia,Health and Population,16694100.0
Serbia,Humanitarian,256662721.0
Serbia,Infrastructure,47133784.0
Serbia,Other,233716172.0
Seychelles,Economic Growth,30851.0
Seychelles,Governance,35102727.0
Seychelles,Health and Population,34956.0
Seychelles,Humanitarian,381500.0
Seychelles,Other,137196129.0
Sierra Leone,Administrative Costs,35289197.0
Sierra Leone,Agriculture,34164938.0
Sierra Leone,Commodity Assistance,299456476.0
Sierra Leone,Economic Growth,9875137.0
Sierra Leone,Education,116688431.0
Sierra Leone,Governance,366594664.0
Sierra Leone,Health and Population,486724068.0
Sierra Leone,Humanitarian,1020479769.0
Sierra Leone,Infrastructure,40947385.0
Sierra Leone,Other,722286582.0
Singapore,Economic Growth,1532308.0
Singapore,Governance,24536250.0
Singapore,Infrastructure,16561679.0
Singapore,Other,136454346.0
Slovak Republic,Administrative Costs,158838.0
Slovak Republic,Agriculture,1004195.0
Slovak Republic,Commodity Assistance,137392.0
Slovak Republic,Economic Growth,5128921.0
Slovak Republic,Education,1222842.0
Slovak Republic,Governance,298893017.0
Slovak Republic,Health and Population,1411270.0
Slovak Republic,Humanitarian,532552.0
Slovak Republic,Infrastructure,24963325.0
Slovak Republic,Other,140056948.0
Slovenia,Administrative Costs,2096.0
Slovenia,Agriculture,70000.0
Slovenia,Economic Growth,500472.0
Slovenia,Governance,141865652.0
Slovenia,Health and Population,37221.0
Slovenia,Humanitarian,2360033.0
Slovenia,Infrastructure,25154672.0
Slovenia,Other,18109571.0
Solomon Islands,Administrative Costs,501114.0
Solomon Islands,Governance,11120266.0
Solomon Islands,Humanitarian,12235188.0
Solomon Islands,Other,93728235.0
Somalia,Administrative Costs,155489432.0
Somalia,Agriculture,62835535.0
Somalia,Commodity Assistance,48321489.0
Somalia,Economic Growth,101383507.0
Somalia,Education,211263466.0
Somalia,Governance,4454650714.0
Somalia,Health and Population,89309171.0
Somalia,Humanitarian,7133150733.0
Somalia,Infrastructure,2374244.0
Somalia,Other,2626546023.0
South Africa,Administrative Costs,820002372.0
South Africa,Agriculture,100757394.0
South Africa,Commodity Assistance,38915175.0
South Africa,Economic Growth,236051870.0
South Africa,Education,441133526.0
South Africa,Governance,805655744.0
South Africa,Health and Population,14187306703.0
South Africa,Humanitarian,90951918.0
South Africa,Infrastructure,129311111.0
South Africa,Other,1835994026.0
South Sudan,Administrative Costs,535198094.0
South Sudan,Agriculture,201015407.0
South Sudan,Commodity Assistance,397334484.0
South Sudan,Economic Growth,64374510.0
South Sudan,Education,486186501.0
South Sudan,Governance,1830830154.0
South Sudan,Health and Population,945423287.0
South Sudan,Humanitarian,9160530188.0
South Sudan,Infrastructure,284477095.0
South Sudan,Other,91322484.0
Spain,Agriculture,1319552.0
Spain,Governance,6341268947.0
Spain,Health and Population,13114.0
Spain,Humanitarian,76563.0
Spain,Infrastructure,7447732.0
Spain,Other,17261678866.0
Sri Lanka,Administrative Costs,143971492.0
Sri Lanka,Agriculture,4100235.0
Sri Lanka,Commodity Assistance,176090305.0
Sri Lanka,Economic Growth,165747774.0
Sri Lanka,Education,49191841.0
Sri Lanka,Governance,952223038.0
Sri Lanka,Health and Population,21256189.0
Sri Lanka,Humanitarian,844893534.0
Sri Lanka,Infrastructure,35557936.0
Sri Lanka,Other,4358405021.0
St. Kitts and Nevis,Education,267813.0
St. Kitts and Nevis,Governance,27067230.0
St. Kitts and Nevis,Humanitarian,75885.0
St. Kitts and Nevis,Infrastructure,836419.0
St. Kitts and Nevis,Other,197560.0
St. Lucia,Agriculture,107674.0
St. Lucia,Governance,22238957.0
St. Lucia,Health and Population,62513.0
St. Lucia,Humanitarian,96973.0
St. Lucia,Other,313898.0
St. Vincent and Grenadines,Economic Growth,56246.0
St. Vincent and Grenadines,Governance,21747904.0
St. Vincent and Grenadines,Humanitarian,319263.0
St. Vincent and Grenadines,Other,925497.0
Sudan,Administrative Costs,115480874.0
Sudan,Agriculture,49688904.0
Sudan,Commodity Assistance,14303434.0
Sudan,Governance,244186092.0
Sudan,Health and Population,61637494.0
Sudan,Humanitarian,3361217025.0
Sudan,Other,6169303.0
Suriname,Administrative Costs,4654.0
Suriname,Economic Growth,12542.0
Suriname,Education,477550.0
Suriname,Governance,31402577.0
Suriname,Health and Population,5241621.0
Suriname,Humanitarian,631581.0
Suriname,Other,122717033.0
Sweden,Economic Growth,49619.0
Sweden,Governance,216962.0
Sweden,Infrastructure,7885222.0
Sweden,Other,1014940414.0
Switzerland,Agriculture,5216.0
Switzerland,Governance,1371284.0
Switzerland,Infrastructure,937435.0
Syria,Administrative Costs,55253405.0
Syria,Commodity Assistance,5775155.0
Syria,Economic Growth,13168781.0
Syria,Education,7243931.0
Syria,Governance,1023499749.0
Syria,Health and Population,37547459.0
Syria,Humanitarian,11980380827.0
Syria,Infrastructure,13759.0
Syria,Other,3967377149.0
Taiwan,Agriculture,314197.0
Taiwan,Economic Growth,1473081.0
Taiwan,Education,2732528.0
Taiwan,Governance,2652248614.0
Taiwan,Health and Population,22203440.0
Taiwan,Humanitarian,3969801.0
Taiwan,Infrastructure,96205000.0
Taiwan,Other,46518873609.0
Tajikistan,Administrative Costs,53146728.0
Tajikistan,Agriculture,205832886.0
Tajikistan,Commodity Assistance,448445484.0
Tajikistan,Economic Growth,152006102.0
Tajikistan,Education,93634394.0
Tajikistan,Governance,948188261.0
Tajikistan,Health and Population,305377927.0
Tajikistan,Humanitarian,273810791.0
Tajikistan,Infrastructure,24540601.0
Tajikistan,Other,353616823.0
Tanzania,Administrative Costs,625851611.0
Tanzania,Agriculture,883648184.0
Tanzania,Commodity Assistance,227269213.0
Tanzania,Economic Growth,129555319.0
Tanzania,Education,592751567.0
Tanzania,Governance,607059773.0
Tanzania,Health and Population,10920885311.0
Tanzania,Humanitarian,971331774.0
Tanzania,Infrastructure,1545567214.0
Tanzania,Other,2546816656.0
Thailand,Administrative Costs,29248126.0
Thailand,Agriculture,3171006.0
Thailand,Commodity Assistance,35292.0
Thailand,Economic Growth,11140821.0
Thailand,Education,61994841.0
Thailand,Governance,3279071442.0
Thailand,Health and Population,448818630.0
Thailand,Humanitarian,947973558.0
Thailand,Infrastructure,51255705.0
Thailand,Other,16947224706.0
Timor-Leste,Administrative Costs,141182323.0
Timor-Leste,Agriculture,70154028.0
Timor-Leste,Commodity Assistance,89630673.0
Timor-Leste,Economic Growth,91896883.0
Timor-Leste,Education,54298879.0
Timor-Leste,Governance,474517023.0
Timor-Leste,Health and Population,144030272.0
Timor-Leste,Humanitarian,127157366.0
Timor-Leste,Infrastructure,5175367.0
Timor-Leste,Other,189149167.0
Togo,Administrative Costs,2348918.0
Togo,Agriculture,398591.0
Togo,Commodity Assistance,42899014.0
Togo,Education,40546326.0
Togo,Governance,58777035.0
Togo,Health and Population,43167755.0
Togo,Humanitarian,11516517.0
Togo,Infrastructure,1049002.0
Togo,Other,590456763.0
Tonga,Administrative Costs,8734.0
Tonga,Education,22058439.0
Tonga,Governance,21373425.0
Tonga,Health and Population,116733.0
Tonga,Humanitarian,6935094.0
Tonga,Other,27161028.0
Trinidad and Tobago,Agriculture,524726.0
Trinidad and Tobago,Economic Growth,3152362.0
Trinidad and Tobago,Governance,60697206.0
Trinidad and Tobago,Health and Population,2721217.0
Trinidad and Tobago,Humanitarian,6985205.0
Trinidad and Tobago,Infrastructure,1536319.0
Trinidad and Tobago,Other,490410374.0
Tunisia,Administrative Costs,37007211.0
Tunisia,Agriculture,7345313.0
Tunisia,Commodity Assistance,4222570.0
Tunisia,Economic Growth,285326791.0
Tunisia,Education,46935958.0
Tunisia,Governance,4010584673.0
Tunisia,Health and Population,11092843.0
Tunisia,Humanitarian,11761057.0
Tunisia,Infrastructure,128352870.0
Tunisia,Other,6770804491.0
Turkey,Administrative Costs,5944427.0
Turkey,Agriculture,1380206.0
Turkey,Commodity Assistance,305993.0
Turkey,Economic Growth,30186065.0
Turkey,Education,5927626.0
Turkey,Governance,18915635632.0
Turkey,Health and Population,9151564.0
Turkey,Humanitarian,1411706933.0
Turkey,Infrastructure,68444294.0
Turkey,Other,63222431786.0
Turkmenistan,Administrative Costs,20181781.0
Turkmenistan,Agriculture,6224967.0
Turkmenistan,Commodity Assistance,4484377.0
Turkmenistan,Economic Growth,47457606.0
Turkmenistan,Education,22525089.0
Turkmenistan,Governance,234344331.0
Turkmenistan,Health and Population,55389933.0
Turkmenistan,Humanitarian,320782.0
Turkmenistan,Infrastructure,6006937.0
Turkmenistan,Other,300735205.0
Turks and Caicos Islands,Agriculture,75000.0
Turks and Caicos Islands,Governance,1979378.0
Tuvalu,Governance,460016.0
Tuvalu,Humanitarian,219327.0
Tuvalu,Infrastructure,23576.0
Uganda,Administrative Costs,636529857.0
Uganda,Agriculture,1116595755.0
Uganda,Commodity Assistance,814030822.0
Uganda,Economic Growth,137653018.0
Uganda,Education,772503276.0
Uganda,Governance,1383860867.0
Uganda,Health and Population,10600824399.0
Uganda,Humanitarian,2721244889.0
Uganda,Infrastructure,121834618.0
Uganda,Other,1750358804.0
Ukraine,Administrative Costs,598974189.0
Ukraine,Agriculture,32135168.0
Ukraine,Commodity Assistance,131696309.0
Ukraine,Economic Growth,1045495852.0
Ukraine,Education,126197486.0
Ukraine,Governance,6402767273.0
Ukraine,Health and Population,817633052.0
Ukraine,Humanitarian,516897961.0
Ukraine,Infrastructure,1931751329.0
Ukraine,Other,3117432571.0
United Arab Emirates,Administrative Costs,77743.0
United Arab Emirates,Economic Growth,3544987.0
United Arab Emirates,Governance,28143475.0
United Arab Emirates,Health and Population,125782.0
United Arab Emirates,Humanitarian,104863.0
United Arab Emirates,Infrastructure,17528500.0
United Arab Emirates,Other,3462444.0
United Kingdom,Agriculture,330230.0
United Kingdom,Economic Growth,407676.0
United Kingdom,Governance,35728516.0
United Kingdom,Health and Population,34277884.0
United Kingdom,Infrastructure,54265623.0
United Kingdom,Other,78777878981.0
Uruguay,Agriculture,618125.0
Uruguay,Economic Growth,1539095.0
Uruguay,Education,1029413.0
Uruguay,Governance,170134225.0
Uruguay,Health and Population,1132466.0
Uruguay,Humanitarian,3590346.0
Uruguay,Infrastructure,7867181.0
Uruguay,Other,1498789859.0
Uzbekistan,Administrative Costs,32055655.0
Uzbekistan,Agriculture,21955128.0
Uzbekistan,Commodity Assistance,199138547.0
Uzbekistan,Economic Growth,154010186.0
Uzbekistan,Education,39712683.0
Uzbekistan,Governance,866154340.0
Uzbekistan,Health and Population,270371918.0
Uzbekistan,Humanitarian,11237978.0
Uzbekistan,Infrastructure,267164758.0
Uzbekistan,Other,673699102.0
Vanuatu,Administrative Costs,14289322.0
Vanuatu,Agriculture,41288.0
Vanuatu,Education,28124676.0
Vanuatu,Governance,5926210.0
Vanuatu,Health and Population,20533558.0
Vanuatu,Humanitarian,17935685.0
Vanuatu,Infrastructure,152429207.0
Vanuatu,Other,82434954.0
Venezuela,Administrative Costs,29988261.0
Venezuela,Agriculture,17768673.0
Venezuela,Commodity Assistance,12674433.0
Venezuela,Economic Growth,5430623.0
Venezuela,Education,453859.0
Venezuela,Governance,834743249.0
Venezuela,Health and Population,27889266.0
Venezuela,Humanitarian,196242430.0
Venezuela,Infrastructure,7248534.0
Venezuela,Other,1509103020.0
Vietnam,Administrative Costs,229741465.0
Vietnam,Agriculture,6945298.0
Vietnam,Commodity Assistance,121961282.0
Vietnam,Economic Growth,226529180.0
Vietnam,Education,109100974.0
Vietnam,Governance,1080941264.0
Vietnam,Health and Population,1615755244.0
Vietnam,Humanitarian,88140623.0
Vietnam,Infrastructure,274321718.0
Vietnam,Other,646153832.0
West Bank/Gaza,Administrative Costs,847791066.0
West Bank/Gaza,Agriculture,68049194.0
West Bank/Gaza,Commodity Assistance,30840909.0
West Bank/Gaza,Economic Growth,656807604.0
West Bank/Gaza,Education,495719934.0
West Bank/Gaza,Governance,7697317899.0
West Bank/Gaza,Health and Population,2330893380.0
West Bank/Gaza,Humanitarian,4142105661.0
West Bank/Gaza,Infrastructure,828215936.0
West Bank/Gaza,Other,1629767010.0
Yemen,Administrative Costs,158309859.0
Yemen,Agriculture,81904170.0
Yemen,Commodity Assistance,596214184.0
Yemen,Economic Growth,75685327.0
Yemen,Education,275120363.0
Yemen,Governance,1336508822.0
Yemen,Health and Population,281858649.0
Yemen,Humanitarian,6648400540.0
Yemen,Infrastructure,10252069.0
Yemen,Other,1688620394.0
Zambia,Administrative Costs,446558099.0
Zambia,Agriculture,347938401.0
Zambia,Commodity Assistance,151101740.0
Zambia,Economic Growth,131885128.0
Zambia,Education,429029108.0
Zambia,Governance,333188331.0
Zambia,Health and Population,8773868733.0
Zambia,Humanitarian,169343790.0
Zambia,Infrastructure,24554078.0
Zambia,Other,2567492503.0
Zimbabwe,Administrative Costs,375107931.0
Zimbabwe,Agriculture,190866089.0
Zimbabwe,Commodity Assistance,372361672.0
Zimbabwe,Economic Growth,47317945.0
Zimbabwe,Education,5654048.0
Zimbabwe,Governance,880883779.0
Zimbabwe,Health and Population,2641034027.0
Zimbabwe,Humanitarian,2464253624.0
Zimbabwe,Infrastructure,1081160.0
Zimbabwe,Other,2084562505.0
